keyword,language,intent,level,target_url,impressions,clicks,ctr,avg_position,volume,kd,calibrated_date
LED Area & Site Lighting,en,commercial,category,/products/,,,,,,,
LED Sports Stadium Lighting,en,commercial,category,/products/,,,,,,,
LED Flood Lights,en,commercial,category,/products/,,,,,,,
High Bay & Low Bay LED Lights,en,commercial,category,/products/,,,,,,,
LED Roadway & Street Lights,en,commercial,category,/products/,,,,,,,
LED Lighting Accessories,en,commercial,category,/products/,,,,,,,
Modular LED Lighting,en,commercial,category,/products/,,,,,,,
LED Lighting Solutions,en,commercial,category,/products/,,,,,,,
LED Lighting Accessories,en,transactional,product,/products/mseries-gs/,,,,,,,
LED Area & Site Lighting,en,transactional,product,/products/m-series/,,,,,,,
LED Area & Site Lighting,en,transactional,product,/products/rt410-series/,,,,,,,
LED Area & Site Lighting,en,transactional,product,/products/rgb-rgbw/,,,,,,,
LED Lighting Accessories,en,transactional,product,/products/accessory/,,,,,,,
LED Area & Site Lighting,en,transactional,product,/products/fl1m/,,,,,,,
LED Area & Site Lighting,en,transactional,product,/products/fl4m/,,,,,,,
LED Area & Site Lighting,en,transactional,product,/products/fl6m/,,,,,,,
LED Area & Site Lighting,en,transactional,product,/products/fl9m/,,,,,,,
LED Area & Site Lighting,en,transactional,product,/products/fl12m/,,,,,,,
LED Area & Site Lighting,en,transactional,product,/products/fl16m/,,,,,,,
LED Area & Site Lighting,en,transactional,product,/products/fl9m-rgbw/,,,,,,,
LED Lighting Accessories,en,transactional,product,/products/glare-shield-for-rt410/,,,,,,,
LED Sports Stadium Lighting,en,transactional,product,/products/vsp-xxxxw-9m-yp/,,,,,,,
LED Sports Stadium Lighting,en,transactional,product,/products/vsp-xxxxw-12m-yp/,,,,,,,
LED Flood Lights,en,transactional,product,/products/rt590fl-s/,,,,,,,
LED Flood Lights,en,transactional,product,/products/rt390fl/,,,,,,,
High Bay & Low Bay LED Lights,en,transactional,product,/products/rt400hb/,,,,,,,
High Bay & Low Bay LED Lights,en,transactional,product,/products/rt500hb/,,,,,,,
LED Flood Lights,en,transactional,product,/products/rt220ub/,,,,,,,
LED Flood Lights,en,transactional,product,/products/rt420fs-s/,,,,,,,
LED Area & Site Lighting,en,transactional,product,/products/rt410-rgbw/,,,,,,,
LED Roadway & Street Lights,en,transactional,product,/products/rt600sl-t/,,,,,,,
LED Roadway & Street Lights,en,transactional,product,/products/rt820sl-t/,,,,,,,
